Date,BAB Strategy Return
2010-01-05,-0.022190375506672282
2010-01-06,-0.013505296590963925
2010-01-07,-0.014109412857740589
2010-01-08,-0.00801441097646192
2010-01-11,-0.02225162280907748
2010-01-12,0.03367743900233727
2010-01-13,-0.0057806840342444574
2010-01-14,-0.007039043575938171
2010-01-15,0.014384517547665732
2010-01-19,0.010573491609749333
2010-01-20,-0.0029759054513692953
2010-01-21,0.04636242364459257
2010-01-22,0.03777790400928325
2010-01-25,-0.006676031524709433
2010-01-26,0.0032004451277872956
2010-01-27,0.010673905165047867
2010-01-28,0.00736488113883399
2010-01-29,0.002631739168414767
2010-02-01,-0.008228925511527947
2010-02-02,-0.009419142317556103
2010-02-03,0.0050293869885426985
2010-02-04,0.0222904289673904
2010-02-05,-0.00372935699115919
2010-02-08,0.00936604321930451
2010-02-09,-0.02387080301726282
2010-02-10,-0.003878271442644003
2010-02-11,-0.025653757873751903
2010-02-12,-0.003046388910456758
2010-02-16,-0.010095884236193417
2010-02-17,0.001599387859479791
2010-02-18,-0.0038953952207483136
2010-02-19,-0.0013808730203973738
2010-02-22,-0.00926376322186682
2010-02-23,0.019110179577033832
2010-02-24,-0.008433902643518659
2010-02-25,-0.005040369785790347
2010-02-26,-0.023073439717051576
2010-03-01,-0.0018062805974702703
2010-03-02,0.0014955652455962976
2010-03-03,-0.0027511290465112213
2010-03-04,-3.1616350590753847e-05
2010-03-05,-0.014340702479354114
2010-03-08,0.009754711925785992
2010-03-09,0.0005658990058486172
2010-03-10,-0.005908828380436715
2010-03-11,-0.003282021019325306
2010-03-12,-0.012544609755809214
2010-03-15,0.017695838849354974
2010-03-16,0.00026069122568152725
2010-03-17,-0.009033479810313586
2010-03-18,0.007759524688916183
2010-03-19,0.0068527374956530345
2010-03-22,-0.00542114385890278
2010-03-23,-0.021986170288732364
2010-03-24,-0.012297667224977271
2010-03-25,-0.0010136778649609268
2010-03-26,-0.003140179039625638
2010-03-29,-0.004282510327107395
2010-03-30,0.011168276306366704
2010-03-31,-0.0026420737019939486
2010-04-01,-0.008054980439953601
2010-04-05,-0.00872703197304244
2010-04-06,-0.013278343401093462
2010-04-07,0.0025191769175309884
2010-04-08,-0.003228677149345234
2010-04-09,-0.006533577964484302
2010-04-12,-0.013852727880384422
2010-04-13,0.010783291184571534
2010-04-14,-0.02895399088024823
2010-04-15,-0.014277583702579366
2010-04-16,0.0338446583345328
2010-04-19,0.009421661971518058
2010-04-20,-0.010377474996559721
2010-04-21,0.0014870108588996658
2010-04-22,0.007275715023701279
2010-04-23,-0.013328075431321806
2010-04-26,-0.01174698216017526
2010-04-27,0.030322252530806004
2010-04-28,-0.012634965524350672
2010-04-29,-0.015835137029991286
2010-04-30,0.027929457868249002
2010-05-03,-0.015190241275968982
2010-05-04,0.025329076375885662
2010-05-05,0.009472014992404649
2010-05-06,0.016032875434639642
2010-05-07,0.0064587105057463306
2010-05-10,-0.028243454579444143
2010-05-11,0.005910539347615559
2010-05-12,-0.01154787066302465
2010-05-13,0.015998651772495837
2010-05-14,0.019524718529703
2010-05-17,0.015471460922024022
2010-05-18,0.012544491877301297
2010-05-19,0.004311161263593784
2010-05-20,0.014516544072390003
2010-05-21,-0.03780326609027044
2010-05-24,0.018117324496231064
2010-05-25,-0.01078968945996428
2010-05-26,-0.015902097708220507
2010-05-27,-0.02788264927980163
2010-05-28,0.018098151850239497
2010-06-01,0.02458679712501412
2010-06-02,-0.010057804635145495
2010-06-03,0.0054887025962261915
2010-06-04,0.02438331224577689
2010-06-07,0.027071725525301404
2010-06-08,-0.005013378527319978
2010-06-09,0.0041555256589380085
2010-06-10,-0.030865183002959116
2010-06-11,-0.004271733385311893
2010-06-14,0.004752556736790851
2010-06-15,-0.019727717383326494
2010-06-16,-0.013800408875230022
2010-06-17,-0.0017308684974022825
2010-06-18,-0.017675804279711067
2010-06-21,0.0001240486499579827
2010-06-22,0.016601660811750203
2010-06-23,-0.005730977191803507
2010-06-24,0.009895911629011545
2010-06-25,-0.046759621593944964
2010-06-28,0.024308639487258234
2010-06-29,0.0379735315481188
2010-06-30,0.0025366333613181333
2010-07-01,0.01029292371574081
2010-07-02,0.009800416769143358
2010-07-06,-0.010486747023517595
2010-07-07,-0.029288200230274897
2010-07-08,0.006952290835314271
2010-07-09,-0.02367076213195633
2010-07-12,0.0022511843025512976
2010-07-13,-0.027458283257718562
2010-07-14,0.002852212025415394
2010-07-15,0.0003132778822919624
2010-07-16,0.025236687792706027
2010-07-19,-0.007928662519319804
2010-07-20,-0.012690573475620987
2010-07-21,0.0033916688823930983
2010-07-22,-0.011808858037647788
2010-07-23,-0.005527616870454647
2010-07-26,-0.006525978699085555
2010-07-27,0.004356596359332257
2010-07-28,-0.0007195811398382952
2010-07-29,-7.761659918512987e-05
2010-07-30,-0.0013533989968883553
2010-08-02,-0.013182393327979325
2010-08-03,0.0074884161397990034
2010-08-04,-0.006586375070558981
2010-08-05,-0.00492131675990265
2010-08-06,0.01856257255190859
2010-08-09,0.011768046055823322
2010-08-10,0.01289765103468595
2010-08-11,0.0207972421119198
2010-08-12,0.010016135897754278
2010-08-13,-0.0031711302391925953
2010-08-16,-0.006741420847851731
2010-08-17,0.005807580556821512
2010-08-18,-0.005300224512407044
2010-08-19,0.0029528714149160695
2010-08-20,0.001071558993515224
2010-08-23,0.02345282539594153
2010-08-24,0.018718861762944832
2010-08-25,0.004434834168518864
2010-08-26,0.00966119376568823
2010-08-27,-0.02177594915739452
2010-08-30,0.010698461452245364
2010-08-31,-0.011555577305013979
2010-09-01,-0.022637007636345685
2010-09-02,-0.004410892463561504
2010-09-03,-0.02086955731475056
2010-09-07,0.014319275935638401
2010-09-08,-0.014947785983356665
2010-09-09,-0.009376354072217727
2010-09-10,0.002777261509448773
2010-09-13,-0.023984215655323233
2010-09-14,0.007679498894939703
2010-09-15,0.0006904908805661818
2010-09-16,0.004039704546176784
2010-09-17,0.003544904832445258
2010-09-20,-0.015383601297819535
2010-09-21,-0.0012670167034118385
2010-09-22,0.010837833933811047
2010-09-23,0.004247017879201491
2010-09-24,-0.022071960599508333
2010-09-27,0.00616469747498192
2010-09-28,0.002255789263612344
2010-09-29,0.00046415425018194335
2010-09-30,0.010661338177614924
2010-10-01,-0.0033046156610308888
2010-10-04,0.004254487191954685
2010-10-05,-0.00899086620258227
2010-10-06,0.0004660630880601868
2010-10-07,0.0036455377058878615
2010-10-08,-0.004671269249020541
2010-10-11,-0.001045163106651148
2010-10-12,-0.009267511943842177
2010-10-13,0.0026730556062966038
2010-10-14,0.01947425096402076
2010-10-15,0.022021188846470974
2010-10-18,-0.012951045866035904
2010-10-19,0.011941397837523588
2010-10-20,-0.009285257569404386
2010-10-21,0.019764019118811815
2010-10-22,0.0012938288571836543
2010-10-25,0.0042779226501757734
2010-10-26,0.002040909732037928
2010-10-27,-0.0068590675776658006
2010-10-28,0.003923843893932226
2010-10-29,-0.004095943088095208
2010-11-01,-0.00015538918400942459
2010-11-02,0.009712456691155964
2010-11-03,-0.007747094365695539
2010-11-04,-0.0381270075561565
2010-11-05,-0.01709833217736754
2010-11-08,0.0038289217774547524
2010-11-09,0.014570207142127293
2010-11-10,-0.01576935589064708
2010-11-11,0.006335973124468042
2010-11-12,0.01042326834571076
2010-11-15,-0.008526925563162258
2010-11-16,0.002148427718850432
2010-11-17,0.0022649354923661713
2010-11-18,-0.006915318683640889
2010-11-19,0.0015764641747450883
2010-11-22,0.008544823425682876
2010-11-23,0.009629816327540988
2010-11-24,-0.013985720062506202
2010-11-26,0.003280248877951272
2010-11-29,-0.007505006656588209
2010-11-30,-0.0018195041396241543
2010-12-01,-0.011773594068765991
2010-12-02,-0.017982930518008106
2010-12-03,-0.008101021369730288
2010-12-06,-0.006476111704597406
2010-12-07,0.006357234388209713
2010-12-08,-0.011497787222194633
2010-12-09,-0.006292398950946798
2010-12-10,-0.007000095679354204
2010-12-13,-0.01084515554574463
2010-12-14,0.010596359531085824
2010-12-15,0.0022664849921384955
2010-12-16,0.006671884671505183
2010-12-17,0.00858543603976647
2010-12-20,-0.009315016923932032
2010-12-21,-0.020008626802225482
2010-12-22,-0.013810964097873654
2010-12-23,0.004950233755429781
2010-12-27,-0.00956672547897815
2010-12-28,0.005112775434237993
2010-12-29,0.004059633326492081
2010-12-30,-0.00026071753332888403
2010-12-31,4.307029749905933e-05
2011-01-03,-0.009301292881394307
2011-01-04,-0.006899621449941754
2011-01-05,-0.009940754580801126
2011-01-06,-0.002862897278300988
2011-01-07,0.005387957103379229
2011-01-10,0.00046082051577167604
2011-01-11,-0.00690484405896169
2011-01-12,-0.004753744545581011
2011-01-13,0.00204700331235963
2011-01-14,-0.004354259486195111
2011-01-18,-0.01314865920704598
2011-01-19,0.018227563695237464
2011-01-20,0.0013985339383130548
2011-01-21,-0.0015846857756076453
2011-01-24,-0.0018701285182426046
2011-01-25,0.005520458110815196
2011-01-26,-0.008883173215925891
2011-01-27,-0.011942158354544208
2011-01-28,-0.0008120589525090205
2011-01-31,-0.014181899829259659
2011-02-01,-0.0104330366947936
2011-02-02,-0.002668795340587079
2011-02-03,0.0023383435309727125
2011-02-04,0.008701280880962484
2011-02-07,-0.014746269246555551
2011-02-08,0.00475910021230889
2011-02-09,0.014750106776083535
2011-02-10,-0.01195953888782921
2011-02-11,-0.025198222684003662
2011-02-14,-0.004631236534110628
2011-02-15,-0.000578671055049107
2011-02-16,-0.017592269547544708
2011-02-17,0.008008012351910548
2011-02-18,-0.008924666427188071
2011-02-22,0.02611365751172595
2011-02-23,0.006193129306007794
2011-02-24,-0.009508463084042185
2011-02-25,-0.017583411927715453
2011-02-28,0.007829333490903756
2011-03-01,0.02082627634621359
2011-03-02,-0.0023730740674218027
2011-03-03,-0.018204923214743096
2011-03-04,0.00805619315331694
2011-03-07,0.005491383348127507
2011-03-08,-0.018449958177350716
2011-03-09,0.007775945239284006
2011-03-10,0.026843566062205098
2011-03-11,-0.014190757625671105
2011-03-14,-0.01604147334034519
2011-03-15,0.004640125899069203
2011-03-16,-0.006731789968757913
2011-03-17,-0.011936043788927986
2011-03-18,-0.01783115676429181
2011-03-21,7.480945393893192e-05
2011-03-22,0.006939662010704155
2011-03-23,0.0009228209401586454
2011-03-24,-0.0015053458461432951
2011-03-25,-0.003783483809428075
2011-03-28,-0.0018713797197414208
2011-03-29,0.0009825144360655251
2011-03-30,-0.003979594566179134
2011-03-31,0.003947093156317953
2011-04-01,-0.006740348324449363
2011-04-04,0.005528239940303751
2011-04-05,-0.0011379169995314555
2011-04-06,-0.006579933468114012
2011-04-07,0.005850706097663898
2011-04-08,0.003393238917811625
2011-04-11,0.007348204128463524
2011-04-12,0.01685051704134451
2011-04-13,0.0005379964350308852
2011-04-14,0.018690928719104678
2011-04-15,0.007138647970038455
2011-04-18,0.019394317930220988
2011-04-19,-0.014250626487913365
2011-04-20,0.004216886903407676
2011-04-21,-0.015932319652914508
2011-04-25,0.0035964714789273136
2011-04-26,-0.01434995500430708
2011-04-27,0.0013950011208780175
2011-04-28,-0.0009362636239756417
2011-04-29,-0.008524911546380465
2011-05-02,0.011954399316852863
2011-05-03,0.001466978538559001
2011-05-04,0.014451903536561192
2011-05-05,0.0004963226937630214
2011-05-06,-0.0025010589833826535
2011-05-09,-0.0030262112754660953
2011-05-10,-0.0012136892893721924
2011-05-11,0.022710341923438015
2011-05-12,0.018881989262112674
2011-05-13,0.018973491053727476
2011-05-16,0.003521133198703933
2011-05-17,0.008372173120835732
2011-05-18,-0.017692742752936825
2011-05-19,0.004987631562170876
2011-05-20,0.010404829265251287
2011-05-23,0.014131336323225625
2011-05-24,0.0037275516685058387
2011-05-25,-0.011968041019544
2011-05-26,-0.009081945283256046
2011-05-27,-0.004336732841071149
2011-05-31,-0.004327780794608512
2011-06-01,0.02814043812206215
2011-06-02,-0.008907222696799815
2011-06-03,-0.0004947119302769294
2011-06-06,0.01711628044944913
2011-06-07,-0.003581592117835171
2011-06-08,0.016901606415663423
2011-06-09,-0.011312256040389582
2011-06-10,0.0009202648628781063
2011-06-13,0.0027103472944675633
2011-06-14,-0.0072409822403481
2011-06-15,0.01144883357851669
2011-06-16,0.011333819841523391
2011-06-17,-0.0039548821078665974
2011-06-20,-0.0038873934321906702
2011-06-21,-0.020251126343884356
2011-06-22,0.006278750360868576
2011-06-23,0.00015172037299652618
2011-06-24,0.0020664350519448895
2011-06-27,-0.004621868541757612
2011-06-28,-0.001646901352780358
2011-06-29,-0.005452660490488315
2011-06-30,-0.012953052509649343
2011-07-01,-0.005848976440655148
2011-07-05,0.008463977275866489
2011-07-06,-0.00012682406516149425
2011-07-07,-0.012072818955968678
2011-07-08,0.00952529764774405
2011-07-11,0.020845553452290683
2011-07-12,0.0038764056069690764
2011-07-13,-0.00910926660006219
2011-07-14,-0.005124755417052669
2011-07-15,-0.004868847749268768
2011-07-18,0.0047697338145129
2011-07-19,-0.006072558556630803
2011-07-20,-0.011958381405097807
2011-07-21,-0.01622664310212248
2011-07-22,0.031385463342778384
2011-07-25,-0.006103684289808878
2011-07-26,0.002510779326697891
2011-07-27,0.019196540340905864
2011-07-28,0.0034836944109354895
2011-07-29,6.838766126347328e-05
2011-08-01,-0.00918969675277411
2011-08-02,0.012003722239312767
2011-08-03,0.00865135494432297
2011-08-04,0.035037707005124874
2011-08-05,0.008452377406319914
2011-08-08,0.059936829511341196
2011-08-09,-0.03416364395312421
2011-08-10,0.01907426680060944
2011-08-11,-0.021447248386292417
2011-08-12,-0.0017172650398657083
2011-08-15,-0.009275606824843666
2011-08-16,0.02658374581358582
2011-08-17,0.0085619257290712
2011-08-18,0.029407001974607806
2011-08-19,0.03377792662453325
2011-08-22,0.018241892831033595
2011-08-23,-0.015369542976710709
2011-08-24,-0.021995095767395483
2011-08-25,-0.002430264359688645
2011-08-26,-0.014743290386526811
2011-08-29,-0.024548042180056684
2011-08-30,-0.001052337954512835
2011-08-31,-0.011456493717874494
2011-09-01,0.024289880831263783
2011-09-02,0.028875043580820083
2011-09-06,0.012376857512039985
2011-09-07,-0.026683305505730802
2011-09-08,0.025206394043392383
2011-09-09,0.018511819091960424
2011-09-12,-0.0010834069208892072
2011-09-13,-0.007952202793267507
2011-09-14,-0.0006333787511707545
2011-09-15,-0.009922962428669635
2011-09-16,0.01806218946120123
2011-09-19,0.015737685698718067
2011-09-20,0.01156753525506371
2011-09-21,0.03745264983529313
2011-09-22,0.03298056646004609
2011-09-23,-0.0010924866999826683
2011-09-26,-0.035883697882379925
2011-09-27,0.006633806940901729
2011-09-28,0.02188422120930128
2011-09-29,-0.00561060846367282
2011-09-30,0.021535810682950372
2011-10-03,0.030984260444490153
2011-10-04,-0.03692048260531455
2011-10-05,-0.025131230178025803
2011-10-06,-0.03898381876267613
2011-10-07,0.043393987804441814
2011-10-10,-0.03231775021567991
2011-10-11,-0.012241635440983075
2011-10-12,-0.016481928883618917
2011-10-13,0.02745365901350268
2011-10-14,-0.01395107726799949
2011-10-17,0.01635058731774184
2011-10-18,-0.03982121046837719
2011-10-19,0.012145777003278919
2011-10-20,-0.017579738520108246
2011-10-21,-0.004704059088212215
2011-10-24,-0.04595563123100086
2011-10-25,0.014753880999544944
2011-10-26,-0.010308410264705045
2011-10-27,-0.0531444212570041
2011-10-28,-0.0008937251823954253
2011-10-31,0.027266654530008906
2011-11-01,0.029971452979259315
2011-11-02,-0.019424037260977484
2011-11-03,-0.011605989567861297
2011-11-04,0.004598007464706974
2011-11-07,0.005249680695769439
2011-11-08,-0.0060521200462121585
2011-11-09,0.036548772713749345
2011-11-10,0.0010110998131001763
2011-11-11,-0.016506659850316817
2011-11-14,0.0006060758137935354
2011-11-15,-0.0052708976806406516
2011-11-16,0.013701089300464356
2011-11-17,0.021480617374642574
2011-11-18,0.0009063728192061729
2011-11-21,0.01218149170689764
2011-11-22,0.016366401473615438
2011-11-23,0.017121711954084053
2011-11-25,0.002882749071138539
2011-11-28,-0.023593743268552236
2011-11-29,0.023798728648846412
2011-11-30,-0.05874988480839061
2011-12-01,0.010018059862964687
2011-12-02,-0.030883656572803602
2011-12-05,-0.02016936407652799
2011-12-06,0.013637813932149356
2011-12-07,-0.0022834375615315983
2011-12-08,0.029884903000731378
2011-12-09,-0.020340004346301975
2011-12-12,0.025158237121262233
2011-12-13,0.02088730335958755
2011-12-14,0.016092884236119265
2011-12-15,-0.000376490573242072
2011-12-16,0.004718531914945756
2011-12-19,0.013242598779739673
2011-12-20,-0.03368776720707163
2011-12-21,0.004646099625060944
2011-12-22,-0.019644173779741387
2011-12-23,0.008670516009321486
2011-12-27,0.012357787258758099
2011-12-28,0.011868136531927736
2011-12-29,-0.01083095058818902
2011-12-30,-0.0005656500014359169
2012-01-03,-0.04570693551076671
2012-01-04,-0.00929885929003314
2012-01-05,-0.01688599237149835
2012-01-06,-0.0021859962028742963
2012-01-09,-0.0060959630301206475
2012-01-10,-0.023866429027096642
2012-01-11,-0.008921923285777308
2012-01-12,-0.0133133859736451
2012-01-13,0.008363599194873375
2012-01-17,0.013022651068849237
2012-01-18,-0.02514888649841394
2012-01-19,-0.011799604246324999
2012-01-20,-0.0013757002140421708
2012-01-23,-0.01418292762200174
2012-01-24,-0.007404482056426113
2012-01-25,-0.008495104998886041
2012-01-26,-0.012144845502816267
2012-01-27,-0.0012832928864994209
2012-01-30,0.00761328711929347
2012-01-31,0.0031486594632151683
2012-02-01,-0.008000313929638403
2012-02-02,0.0001827670286029075
2012-02-03,-0.02295301710975023
2012-02-06,0.003282339939394104
2012-02-07,0.006264994102408605
2012-02-08,-0.009040282784083512
2012-02-09,0.011144250438713366
2012-02-10,0.0048137451956219626
2012-02-13,-0.0136006115052749
2012-02-14,0.003850434845161991
2012-02-15,0.010593045618517299
2012-02-16,-0.008056596515294261
2012-02-17,-0.002038398545805749
2012-02-21,-0.011627698486098997
2012-02-22,-0.002469976541608798
2012-02-23,-0.002262245242691474
2012-02-24,0.0021895012597903385
2012-02-27,-0.009967514626314122
2012-02-28,0.0016422491631290876
2012-02-29,0.008484684705271214
2012-03-01,-0.01381972095507313
2012-03-02,0.0016123808618695814
2012-03-05,0.0179395550015554
2012-03-06,0.026802062587663506
2012-03-07,-0.0160338493359779
2012-03-08,-0.016085245502216666
2012-03-09,-0.0065050390991473845
2012-03-12,0.018473886726539695
2012-03-13,-0.05210334217771525
2012-03-14,0.0025789844888031523
2012-03-15,-0.016297527477420765
2012-03-16,-0.0020336046069727907
2012-03-19,-0.004600403700629936
2012-03-20,0.008041189886283532
2012-03-21,0.010456783480441656
2012-03-22,0.01588148532525341
2012-03-23,-0.013282966973060159
2012-03-26,-0.009486647114351765
2012-03-27,0.0034546088689438683
2012-03-28,0.014037633376581668
2012-03-29,-0.000842616150111386
2012-03-30,-0.0012078911963711763
2012-04-02,-0.0011236565241744918
2012-04-03,0.009273890911745039
2012-04-04,0.004793475575670429
2012-04-05,0.0025562268559064516
2012-04-09,0.010337196679162608
2012-04-10,0.015283102507939647
2012-04-11,-0.014732617623730054
2012-04-12,-0.03292145580550632
2012-04-13,0.014366044098375441
2012-04-16,0.0017156606148464775
2012-04-17,-0.003857896252718188
2012-04-18,0.0011441555011707147
2012-04-19,0.005245374749845673
2012-04-20,0.014490275520236942
2012-04-23,-0.011428751210165658
2012-04-24,-0.011120150632191442
2012-04-25,0.027380046346121883
2012-04-26,-0.0010195309000666786
2012-04-27,0.003932887097003383
2012-04-30,0.011040304278342794
2012-05-01,-0.003987911458983232
2012-05-02,0.006571387680865329
2012-05-03,0.013063293580239813
2012-05-04,0.018264623703134364
2012-05-07,0.008555663480145673
2012-05-08,0.004583545838650616
2012-05-09,0.0035107126168848844
2012-05-10,0.006569501628844028
2012-05-11,0.047626918729662814
2012-05-14,0.019236099569305238
2012-05-15,-0.0008092843718346213
2012-05-16,0.016045583485073362
2012-05-17,0.04546592316651906
2012-05-18,0.000526396847197704
2012-05-21,0.0005349940617475997
2012-05-22,-0.01946802279731491
2012-05-23,-0.008848781800768405
2012-05-24,0.014000633857821226
2012-05-25,0.012495332896814463
2012-05-29,-0.012457569139208277
2012-05-30,0.015669057047680828
2012-05-31,0.01151680778346755
2012-06-01,0.014980330915023654
2012-06-04,0.03176347281061768
2012-06-05,-0.020521584109822022
2012-06-06,-0.022033079367965648
2012-06-07,0.0018166698794178462
2012-06-08,-0.0053323445451890685
2012-06-11,0.018986836706219867
2012-06-12,-0.01729444798696922
2012-06-13,0.0037172607881918633
2012-06-14,0.005587882406488257
2012-06-15,-0.009150038749967207
2012-06-18,0.007337125810499816
2012-06-19,-0.02504901578025892
2012-06-20,-0.011956109406432085
2012-06-21,0.016431292738454506
2012-06-22,-0.002462430074058404
2012-06-25,0.019946337984010926
2012-06-26,-0.0006209344317287995
2012-06-27,-0.00787749740517137
2012-06-28,0.011273404318159172
2012-06-29,0.0019256638723494732
2012-07-02,0.002130638762545415
2012-07-03,-0.005645437547776966
2012-07-05,0.018745296560772357
2012-07-06,0.017951520872579434
2012-07-09,0.010913898772292041
2012-07-10,0.015222683370985349
2012-07-11,-0.0038526552177715425
2012-07-12,0.016319114717808208
2012-07-13,-0.03315733691594932
2012-07-16,0.014968628575206127
2012-07-17,0.004253207694669821
2012-07-18,-0.0034210288923441543
2012-07-19,0.0004157833848135546
2012-07-20,0.013898803120673025
2012-07-23,-0.020570399324891374
2012-07-24,-0.00974124618622424
2012-07-25,-0.01265739346177989
2012-07-26,0.0033309300708100897
2012-07-27,-0.02260686496369243
2012-07-30,0.01653887010577887
2012-07-31,0.007467506702519758
2012-08-01,0.007287524830329276
2012-08-02,0.0016528367940129947
2012-08-03,-0.014870132413964824
2012-08-06,-0.010564608407780432
2012-08-07,-0.01964336168732785
2012-08-08,-0.004197691199041545
2012-08-09,-0.0054054030060091685
2012-08-10,-0.001195793844244323
2012-08-13,-0.0024115683638728696
2012-08-14,0.006121126210656544
2012-08-15,0.0007059958396836707
2012-08-16,-0.010693073322075974
2012-08-17,-0.008245823532105512
2012-08-20,-0.007881196338083615
2012-08-21,-0.0132082208860137
2012-08-22,0.00930084803597144
2012-08-23,0.00828829160080528
2012-08-24,0.009973996422959189
2012-08-27,0.0031280572746221758
2012-08-28,0.002628235686930861
2012-08-29,-0.002344176679518232
2012-08-30,0.008781140930446369
2012-08-31,-0.0029034550151388894
2012-09-04,0.021180704145954115
2012-09-05,-0.0006235994619952316
2012-09-06,-0.01980544148991914
2012-09-07,-0.030897514256920017
2012-09-10,0.013311423478779838
2012-09-11,-0.017773861109125932
2012-09-12,-0.0066817805303892586
2012-09-13,-0.013356047448774722
2012-09-14,-0.02245621714556025
2012-09-17,0.01143602301369421
2012-09-18,-0.0020421800797991163
2012-09-19,-0.004022122618996223
2012-09-20,0.01274617780930759
2012-09-21,0.007218435017368463
2012-09-24,0.00221406052400408
2012-09-25,0.025127534433524
2012-09-26,0.0034007049895500665
2012-09-27,-0.0025679940174491898
2012-09-28,0.00195628682593126
2012-10-01,0.0018640027053705892
2012-10-02,-0.0039709892695090065
2012-10-03,0.003907514787933239
2012-10-04,-0.008232222015670865
2012-10-05,0.0071189174531901545
2012-10-08,-0.0016753961023118955
2012-10-09,0.0008081801306382879
2012-10-10,0.0030245314360253794
2012-10-11,-0.006041691266150247
2012-10-12,0.0061690740003909434
2012-10-15,-0.0017907891715008284
2012-10-16,-0.017324272025401193
2012-10-17,-0.009688403708312903
2012-10-18,0.009120120389158975
2012-10-19,0.00660500662639248
2012-10-22,-0.007550350653740767
2012-10-23,0.004932376538779426
2012-10-24,0.00239638761835248
2012-10-25,0.003692319736146329
2012-10-26,-0.00031581303203946165
2012-10-31,-0.010040462707310738
2012-11-01,-0.02998325596915465
2012-11-02,0.00913622948388106
2012-11-05,-0.006047431444184126
2012-11-06,-0.007907244579716921
2012-11-07,0.030814008772882782
2012-11-08,-0.004092714425255847
2012-11-09,-0.011014925025297348
2012-11-12,-0.0017505000945720974
2012-11-13,0.015225006617549608
2012-11-14,0.01789721416412543
2012-11-15,-0.010875735251055877
2012-11-16,-0.0062444600692045755
2012-11-19,-0.0078085990404858086
2012-11-20,0.0036120179847191993
2012-11-21,0.0038609639696926914
2012-11-23,0.0014609100661916088
2012-11-26,-0.00824125273557704
2012-11-27,0.0009595178859690594
2012-11-28,0.002311593340724949
2012-11-29,-0.00839054346140855
2012-11-30,0.013629699443614345
2012-12-03,0.0029134169113164687
2012-12-04,0.004188775313901327
2012-12-05,-0.017656914768460024
2012-12-06,0.00243378574641719
2012-12-07,-0.01374133925888708
2012-12-10,0.0014399617094260446
2012-12-11,-0.002241282913343486
2012-12-12,-0.009983364523357685
2012-12-13,-0.00562622913685514
2012-12-14,-0.006725511023568035
2012-12-17,-0.008856345135236865
2012-12-18,-0.010737855247912487
2012-12-19,-0.006425857287498579
2012-12-20,0.0017110881592557097
2012-12-21,0.008913967731061106
2012-12-24,-0.00045654382998002374
2012-12-26,-0.006636650272284217
2012-12-27,0.004114619117596789
2012-12-28,-0.001985184548732014
2012-12-31,-0.015782446188810938
2013-01-02,-0.007974959046241088
2013-01-03,-0.0060038773312483164
2013-01-04,-0.009000614365572165
2013-01-07,-0.0033144416599422133
2013-01-08,-0.0014539502671321869
2013-01-09,-0.0010823749287578823
2013-01-10,-0.0063091698118662625
2013-01-11,-0.0002952540886125843
2013-01-14,0.00369352734295586
2013-01-15,-0.009771539199376159
2013-01-16,-0.0053835711811695
2013-01-17,0.00658573472743651
2013-01-18,-0.004624727533118119
2013-01-22,-0.0013694180885434615
2013-01-23,0.010064588018018886
2013-01-24,-0.000740513181849293
2013-01-25,0.0042178403734258185
2013-01-28,-0.0015682307605897061
2013-01-29,0.0004990188558250397
2013-01-30,-0.0008937290273517232
2013-01-31,0.0023755866833340598
2013-02-01,-0.004405765024014463
2013-02-04,0.0009582140740910612
2013-02-05,-0.0033726177707265794
2013-02-06,0.01122989051419876
2013-02-07,0.0118881212829543
2013-02-08,-0.007943782283399889
2013-02-11,0.0004995908949560108
2013-02-12,-0.011109423173937724
2013-02-13,0.006760869287906554
2013-02-14,-0.007608298133741623
2013-02-15,0.006012146975439707
2013-02-19,-0.0020971037644555066
2013-02-20,0.022659428646748452
2013-02-21,0.016749852247896806
2013-02-22,-0.001434948270046736
2013-02-25,0.020932092864653102
2013-02-26,0.002271607867325942
2013-02-27,-0.024951654507191574
2013-02-28,0.001372662711917716
2013-03-01,0.010012214800402264
2013-03-04,0.012746209497782063
2013-03-05,-0.0009422132185004468
2013-03-06,-0.0015483124398764279
2013-03-07,-0.00444665697090633
2013-03-08,0.005232784412928922
2013-03-11,-0.0055390511888226785
2013-03-12,0.01137476133900663
2013-03-13,0.0010651895432396232
2013-03-14,-3.36108389749068e-05
2013-03-15,0.0033756911609408484
2013-03-18,0.0007410892200416426
2013-03-19,0.014722985171419716
2013-03-20,0.01357503352570703
2013-03-21,0.008189321769131619
2013-03-22,-0.002021081973950012
2013-03-25,0.00642678663308464
2013-03-26,0.004413815481534411
2013-03-27,0.00660669336109306
2013-03-28,0.006444737077384318
2013-04-01,0.006495151072573535
2013-04-02,0.009382060600231909
2013-04-03,0.010572476555051983
2013-04-04,-0.0029294054046687945
2013-04-05,-0.0049390131533885535
2013-04-08,-0.00036402241651889433
2013-04-09,-0.011244027191959069
2013-04-10,-0.004373968618493762
2013-04-11,0.010274715905207066
2013-04-12,0.013556866216915726
2013-04-15,0.01714655151058051
2013-04-16,0.007346491951529791
2013-04-17,0.019684625236770188
2013-04-18,0.007035398180475032
2013-04-19,0.0055315650368749445
2013-04-22,-0.01647387741089477
2013-04-23,-0.010039942657874185
2013-04-24,-0.020750076086986573
2013-04-25,-0.00020603847977790357
2013-04-26,0.0021988210356730744
2013-04-29,0.0018231219465785764
2013-04-30,-0.0025191159848982534
2013-05-01,0.012461719320787507
2013-05-02,-0.002925250238922335
2013-05-03,-0.0040898686969853175
2013-05-06,-0.017819945346860468
2013-05-07,-0.01484026518544046
2013-05-08,-0.012019323762860282
2013-05-09,0.0037839853181627454
2013-05-10,0.013156856602120164
2013-05-13,-0.005770286764460693
2013-05-14,0.006581512207883814
2013-05-15,0.0048378448085093315
2013-05-16,-0.003692933150236166
2013-05-17,-0.01796866387624968
2013-05-20,-0.010956936099953445
2013-05-21,-0.006502413864631888
2013-05-22,-0.007387431859399199
2013-05-23,0.0016976085085730896
2013-05-24,0.007884400574721433
2013-05-28,-0.008227663662544312
2013-05-29,-0.024708640692493105
2013-05-30,-0.015990324536117446
2013-05-31,-0.0034547494142241897
2013-06-03,0.01032454989088949
2013-06-04,0.00788153501065488
2013-06-05,0.00595290848880862
2013-06-06,0.007585141234240625
2013-06-07,-0.00042493978046668525
2013-06-10,0.00621859003826499
2013-06-11,0.0028888652001919923
2013-06-12,-0.001680899659303699
2013-06-13,-0.012797634366970642
2013-06-14,0.016269926330208812
2013-06-17,-0.0027243486127630128
2013-06-18,0.002646337109300031
2013-06-19,-0.010294155655559929
2013-06-20,-0.008762299170418191
2013-06-21,0.017876132942591737
2013-06-24,0.019984192087548203
2013-06-25,-0.008605748929649455
2013-06-26,0.009086832168829126
2013-06-27,-0.008632466972941474
2013-06-28,-0.002443770000600051
2013-07-01,0.0082964667644345
2013-07-02,0.00025416770036849434
2013-07-03,0.0073420784976059306
2013-07-05,-0.010465214617888963
2013-07-08,-0.007751160912612594
2013-07-09,-0.010890531324229494
2013-07-10,0.0013062982718360372
2013-07-11,-0.003377303898103201
2013-07-12,-0.00026200206238339663
2013-07-15,-0.004133027190712254
2013-07-16,-0.007753993543613244
2013-07-17,0.006230967262076763
2013-07-18,-0.006175810985032208
2013-07-19,0.011120666469971082
2013-07-22,-0.010687162944434687
2013-07-23,0.002360070673757949
2013-07-24,0.009813611943971493
2013-07-25,0.011580028402403872
2013-07-26,0.006000436907592481
2013-07-29,-0.002812087284100188
2013-07-30,0.0002049031031485793
2013-07-31,-0.006115155244204307
2013-08-01,-0.007246636672985382
2013-08-02,0.0024866154634093736
2013-08-05,0.007409381167560273
2013-08-06,0.009301646516341466
2013-08-07,-0.0006187827872619809
2013-08-08,-0.0067507650351874005
2013-08-09,-0.005915940511498445
2013-08-12,-0.008310188191312906
2013-08-13,-0.0053061215423170025
2013-08-14,-0.0023261299173098302
2013-08-15,-0.004622840440188958
2013-08-16,-0.001781146676383849
2013-08-19,0.018413891820316886
2013-08-20,-0.0021089084737022645
2013-08-21,0.004369986509739243
2013-08-22,-0.013567958940760924
2013-08-23,0.003777917520218647
2013-08-26,-0.002476042799450332
2013-08-27,0.01188671064306503
2013-08-28,0.0005816974172590343
2013-08-29,0.0008259323537974836
2013-08-30,0.0017618539083044487
2013-09-03,-0.012479656538632922
2013-09-04,-0.005850109827062633
2013-09-05,-0.0007355409311389227
2013-09-06,-0.006449352071647763
2013-09-09,-0.01146456976743911
2013-09-10,-0.007932325610756946
2013-09-11,0.004829498649971194
2013-09-12,0.011526083096443021
2013-09-13,0.00036318305101434856
2013-09-16,0.0011743301220965563
2013-09-17,0.002285654400963048
2013-09-18,0.003232737635207891
2013-09-19,0.0029416187150575293
2013-09-20,0.009686234117618025
2013-09-23,0.009100860304465533
2013-09-24,0.004088742813146547
2013-09-25,-0.01887661107397056
2013-09-26,0.005871028192100447
2013-09-27,-0.009643974196840746
2013-09-30,-0.001808344983450727
2013-10-01,-0.0015352087835991588
2013-10-02,-0.008120148351551521
2013-10-03,-0.002270322377067073
2013-10-04,-0.006864855857824777
2013-10-07,0.007039956759982313
2013-10-08,0.011254481322643709
2013-10-09,-0.0021401518379217297
2013-10-10,-0.007412738616437913
2013-10-11,0.0007057619506646113
2013-10-14,-0.005099851157644016
2013-10-15,-0.0006908903284082073
2013-10-16,-0.005278945012813932
2013-10-17,0.013427437032462538
2013-10-18,-0.005992856567432647
2013-10-21,-0.003719465244205818
2013-10-22,0.00923657068024906
2013-10-23,0.03552313465397261
2013-10-24,-0.0027777246989744153
2013-10-25,-0.0045319144071768
2013-10-28,0.012370425364839547
2013-10-29,0.008031023535264581
2013-10-30,-0.0007837336338111607
2013-10-31,0.009184372496041482
2013-11-01,-0.00655565554201043
2013-11-04,0.00465263235543073
2013-11-05,-0.0031526706735895416
2013-11-06,0.007231277297578553
2013-11-07,0.0011471670965963838
2013-11-08,-0.021396408798284933
2013-11-11,-6.492005179918104e-06
2013-11-12,0.00384242409522186
2013-11-13,-0.0010364571854974414
2013-11-14,0.0036372647736247674
2013-11-15,-0.00296274807271929
2013-11-18,-0.007869566408451304
2013-11-19,-0.0003724145498156435
2013-11-20,0.004498630895329018
2013-11-21,-0.00488534793802875
2013-11-22,-0.003634968847581521
2013-11-25,-0.0078029774304292
2013-11-26,0.0008469239218676003
2013-11-27,-0.007464139637928488
2013-11-29,0.0016571195324771397
2013-12-02,-0.0011764676117886341
2013-12-03,0.005994160800510703
2013-12-04,-0.008935963433899352
2013-12-05,0.0009726633445481334
2013-12-06,0.005737618509820944
2013-12-09,-0.008733757233820602
2013-12-10,-0.012684556390230564
2013-12-11,0.010057349400447483
2013-12-12,-0.01907397807298905
2013-12-13,-0.0022812100025028834
2013-12-16,-0.008603001312302608
2013-12-17,-0.00010867103072235464
2013-12-18,-0.002825774245863017
2013-12-19,-0.002171763043515962
2013-12-20,-0.009610181297829479
2013-12-23,-0.008841212553266272
2013-12-24,-0.003099863300072355
2013-12-26,0.004155044688977298
2013-12-27,0.0031752669690540873
2013-12-30,0.003730022945974206
2013-12-31,-0.005703995681727618
2014-01-02,0.0009876810303672268
2014-01-03,-0.00538906073175327
2014-01-06,0.002958335367537257
2014-01-07,0.013294716902033895
2014-01-08,-0.016097290112382867
2014-01-09,-0.0045487743721271765
2014-01-10,0.0006496152285042447
2014-01-13,0.0012870787688039984
2014-01-14,0.0006541788394804531
2014-01-15,-0.021107158668378572
2014-01-16,0.005415061984449003
2014-01-17,0.004268091849211804
2014-01-21,0.002869695732462596
2014-01-22,0.006018976975410466
2014-01-23,0.010339439269386741
2014-01-24,0.01819050108089883
2014-01-27,-0.0339377505840992
2014-01-28,-0.009893687300655726
2014-01-29,0.0004774559462650454
2014-01-30,-0.015392623454175913
2014-01-31,-0.00021709588629385346
2014-02-03,-0.002632102774956291
2014-02-04,-0.002760691552679754
2014-02-05,0.003925043444153084
2014-02-06,-0.013747610261556372
2014-02-07,0.0004922894960584139
2014-02-10,0.005608799093835289
2014-02-11,0.001254717627729737
2014-02-12,-0.011420546482943439
2014-02-13,-0.0009167150206223127
2014-02-14,0.0003634823909231346
2014-02-18,-0.015780700208194054
2014-02-19,0.010202055385991985
2014-02-20,-0.0016264539915861005
2014-02-21,-0.00786582244247197
2014-02-24,-0.005325636483789106
2014-02-25,0.015471645222991789
2014-02-26,0.00045038085483115964
2014-02-27,0.007381613183608859
2014-02-28,0.0011311005390947835
2014-03-03,0.0012148398812493744
2014-03-04,-0.0013527519922869793
2014-03-05,-0.009483936070524501
2014-03-06,-0.009725942563430179
2014-03-07,-0.0015213985533452472
2014-03-10,0.002929629381184388
2014-03-11,0.015870145583436746
2014-03-12,0.00183949657664223
2014-03-13,0.002452425718970308
2014-03-14,0.005739420917797777
2014-03-17,-0.0023076034204867106
2014-03-18,-0.006488608736261818
2014-03-19,-0.00812096478854137
2014-03-20,-0.008919177959823315
2014-03-21,-0.005822829641095891
2014-03-24,-6.906649457934667e-05
2014-03-25,-0.0014779805398778727
2014-03-26,0.008952969137011935
2014-03-27,0.0008965037401038227
2014-03-28,-0.004069214680433216
2014-03-31,-0.0008112050940789111
2014-04-01,-0.0028408841850718534
2014-04-02,-0.012243594669233656
2014-04-03,-0.00047063031920935305
2014-04-04,0.008859022844029119
2014-04-07,0.013122978876473198
2014-04-08,0.0022456085185476775
2014-04-09,-0.0050972793802587235
2014-04-10,0.011764469027867097
2014-04-11,0.018546013084139206
2014-04-14,0.0015201445601605301
2014-04-15,0.011541494683746137
2014-04-16,-0.002303559067772465
2014-04-17,0.0037206679031862033
2014-04-21,0.004348416697486738
2014-04-22,-0.01357872872065711
2014-04-23,-0.0033240794514458973
2014-04-24,-0.011625666318228903
2014-04-25,0.009603283026845877
2014-04-28,0.01385728276296914
2014-04-29,-0.011469943193677778
2014-04-30,0.0018938584256671203
2014-05-01,0.0032085749345154104
2014-05-02,-0.0014261324902329529
2014-05-05,0.013930090096254363
2014-05-06,0.006816165898678543
2014-05-07,-0.00044731071273305424
2014-05-08,-0.002769797771989084
2014-05-09,0.007014852005322443
2014-05-12,-0.014852149146893942
2014-05-13,-0.0024381086924068485
2014-05-14,0.0021452449109607605
2014-05-15,0.006852881135778107
2014-05-16,0.0031303074161350515
2014-05-19,-0.005613986323104355
2014-05-20,0.014028638019624968
2014-05-21,-0.0036046648772950314
2014-05-22,-0.005917020065703105
2014-05-23,-0.003928647072434195
2014-05-27,-0.004179987249881408
2014-05-28,-0.0021311126518279897
2014-05-29,-0.0030781129973382337
2014-05-30,0.013634478387908527
2014-06-02,-0.004163664831969301
2014-06-03,-0.009700034387898404
2014-06-04,0.002052426623347814
2014-06-05,-0.01855893626001474
2014-06-06,-0.009089188559962954
2014-06-09,-0.007593588064870667
2014-06-10,-0.006390983752020796
2014-06-11,0.003722777718859538
2014-06-12,0.004548457340240415
2014-06-13,-0.00031447245683589403
2014-06-16,0.004059849958937082
2014-06-17,-0.005022484130814427
2014-06-18,-2.5277840482969445e-05
2014-06-19,0.010170929959215275
2014-06-20,-0.011480824914651003
2014-06-23,-0.0029627105755410388
2014-06-24,0.008398691999946492
2014-06-25,-0.0010214892696207012
2014-06-26,-0.0029217280266259547
2014-06-27,-0.0007292693791356442
2014-06-30,-0.004197261470682556
2014-07-01,0.0037076593678518344
2014-07-02,0.004953894229089521
2014-07-03,-0.006487946509349936
2014-07-07,0.008715290168633946
2014-07-08,0.007831152311791175
2014-07-09,0.0007311353080426226
2014-07-10,0.009768903862653092
2014-07-11,-0.00665240157208528
2014-07-14,-0.002305271422389584
2014-07-15,-0.020099820574917493
2014-07-16,-0.013964799338435455
2014-07-17,0.009026504640173627
2014-07-18,-0.0004093684880687922
2014-07-21,-0.005182955194281432
2014-07-22,-0.00762422354517837
2014-07-23,0.0015375182967209966
2014-07-24,0.014273244975014162
2014-07-25,0.001346241850789446
2014-07-28,0.0003927801432395499
2014-07-29,-9.052201819940509e-05
2014-07-30,-0.001448928856476424
2014-07-31,0.00706092740112646
2014-08-01,0.013665679183702225
2014-08-04,-0.006632351629142996
2014-08-05,0.0017991092146223782
2014-08-06,0.006939874003199656
2014-08-07,-0.007469868657711876
2014-08-08,-0.00416913246491261
2014-08-11,-0.004828927896136555
2014-08-12,0.00033624935729067074
2014-08-13,-0.00364864517513556
2014-08-14,-0.0016967997808659727
2014-08-15,0.0012621886131820397
2014-08-18,-0.0022310339512807698
2014-08-19,-0.0028611902317761855
2014-08-20,-0.001822694039988637
2014-08-21,-0.0034545527266835645
2014-08-22,-7.713720980286531e-05
2014-08-25,-0.0070141559462712135
2014-08-26,-0.003620278509220846
2014-08-27,0.0007875281559536578
2014-08-28,0.0014158377912691737
2014-08-29,-0.002839046360593474
2014-09-02,-0.0035888958037795793
2014-09-03,0.00445594385579238
2014-09-04,0.000791284502023796
2014-09-05,0.0034757043055775503
2014-09-08,-0.0031521002849733875
2014-09-09,0.004667019473028351
2014-09-10,0.012103065519559641
2014-09-11,-0.004897178116430552
2014-09-12,-0.004033838364176738
2014-09-15,0.003987448385059692
2014-09-16,0.005401990183641958
2014-09-17,0.0022930043690499633
2014-09-18,-0.005962341032474987
2014-09-19,0.01820495512067216
2014-09-22,0.008192379428361726
2014-09-23,-0.0016081930886352085
2014-09-24,-0.0003381110206442193
2014-09-25,0.009202427127195767
2014-09-26,-0.0033065308097725383
2014-09-29,0.005403426874826996
2014-09-30,0.004282690075840312
2014-10-01,0.0028885438219777657
2014-10-02,0.007237766261332768
2014-10-03,-0.0023225414605494796
2014-10-06,-0.0011637072956103092
2014-10-07,0.017608804555995856
2014-10-08,-0.006795569472569688
2014-10-09,0.013231031828856451
2014-10-10,0.009861153850509138
2014-10-13,-0.003040276516871351
2014-10-14,-0.008395638884336662
2014-10-15,0.013454902540368241
2014-10-16,-0.010799405482781596
2014-10-17,-0.009100836345532085
2014-10-20,0.010566880377733382
2014-10-21,-0.026998265980383723
2014-10-22,0.010052640219823272
2014-10-23,-0.028512176028382446
2014-10-24,0.0020332576407477987
2014-10-27,0.010642750900623239
2014-10-28,-0.01802423814130492
2014-10-29,0.010536169196696457
2014-10-30,0.005737186836068664
2014-10-31,-0.010298182191318728
2014-11-03,0.002269878409350464
2014-11-04,0.020922695976408928
2014-11-05,-0.007306493059222707
2014-11-06,-0.008101143044378681
2014-11-07,-0.002106959891034284
2014-11-10,-0.0031472615808305995
2014-11-11,0.002764365857266656
2014-11-12,0.00596739478378755
2014-11-13,0.020394034017932737
2014-11-14,-0.001807405280772519
2014-11-17,-0.0016734914755101396
2014-11-18,0.001098611086449523
2014-11-19,0.007331428712975596
2014-11-20,-0.0028592420535352345
2014-11-21,-0.02313137868748087
2014-11-24,-0.005249674564777726
2014-11-25,0.004010483027412914
2014-11-26,0.0032909531108363628
2014-11-28,0.04045127446291985
2014-12-01,0.0011260262600009674
2014-12-02,-0.012923687885220267
2014-12-03,-0.016291623308948712
2014-12-04,0.0034222345575660542
2014-12-05,-0.005775773833156879
2014-12-08,0.012139448578135242
2014-12-09,-0.014681818574668104
2014-12-10,0.014793234763561702
2014-12-11,0.003368415832562717
2014-12-12,0.009674322029276964
2014-12-15,0.004386240380452933
2014-12-16,0.0050372133115135775
2014-12-17,0.007036038860835925
2014-12-18,-0.005720116780745171
2014-12-19,-0.009793882468025983
2014-12-22,0.006380002100732049
2014-12-23,-0.009221755047342886
2014-12-24,-0.00219759650772335
2014-12-26,0.0013954879108531992
2014-12-29,-0.003080184520606969
2014-12-30,0.001825869494343472
2014-12-31,-0.00013703556510261984
2015-01-02,-0.0028801693946221745
2015-01-05,0.036249200907880495
2015-01-06,0.019142795566879606
2015-01-07,0.002437122730124308
2015-01-08,-0.003355137413293555
2015-01-09,0.003424538402943692
2015-01-12,0.007973688878398555
2015-01-13,0.0025763520581707686
2015-01-14,0.008835400101866417
2015-01-15,0.024470615935506996
2015-01-16,0.002055712855656108
2015-01-20,-0.0014859507254268065
2015-01-21,-0.009714872174674668
2015-01-22,-0.014755834978569657
2015-01-23,0.003463798615896999
2015-01-26,-0.0036471091713795034
2015-01-27,0.02629200472188962
2015-01-28,0.002571868433461447
2015-01-29,0.005246204731245744
2015-01-30,-0.00637428274817688
2015-02-02,-0.004783190013135355
2015-02-03,-0.019348482162426572
2015-02-04,0.013850831173731667
2015-02-05,-0.007391416641792399
2015-02-06,-0.008777782148379024
2015-02-09,-0.01809216967430797
2015-02-10,0.011800506414692677
2015-02-11,0.0036425828428473896
2015-02-12,-0.0145296103477874
2015-02-13,-0.009262611890829109
2015-02-17,-0.007622840265612144
2015-02-18,0.01008827624212394
2015-02-19,0.004606566384570947
2015-02-20,-0.011840850361886701
2015-02-23,0.00992426064461018
2015-02-24,-0.013575124718847958
2015-02-25,-0.0016082237992455966
2015-02-26,0.010477136904445666
2015-02-27,0.010061556392335838
2015-03-02,-0.0013028308443842618
2015-03-03,-0.004863320612241336
2015-03-04,-0.0013881243806985006
2015-03-05,0.0035729766180257654
2015-03-06,-0.0008408486964001094
2015-03-09,-0.007058846799101312
2015-03-10,0.0037510547215155454
2015-03-11,-0.01027851186978912
2015-03-12,0.0019270390736126908
2015-03-13,0.005275328961722003
2015-03-16,0.002261090678602473
2015-03-17,0.004903708557403445
2015-03-18,-0.01142579230753125
2015-03-19,0.004737610466142332
2015-03-20,0.0013986055646787818
2015-03-23,0.009717560259987434
2015-03-24,0.005167982219793014
2015-03-25,-0.001468369919978266
2015-03-26,-0.0027501594320336795
2015-03-27,-0.0010051197718698632
2015-03-30,-0.011958750494239742
2015-03-31,0.005407386279712619
2015-04-01,0.002447612360616802
2015-04-02,-0.006355616286717733
2015-04-06,-0.0030795807891624283
2015-04-07,0.00021835574412161973
2015-04-08,0.0008469729151172982
2015-04-09,-0.003405074909105503
2015-04-10,-0.009854069473736848
2015-04-13,-0.005220585869593323
2015-04-14,-0.013112273952621304
2015-04-15,-0.024879222494743208
2015-04-16,0.0045425963470264365
2015-04-17,0.004947141949758075
2015-04-20,-0.0034018791717039436
2015-04-21,0.009222309353602446
2015-04-22,-0.0008854851268257722
2015-04-23,-0.002334944881058361
2015-04-24,0.007912464128076651
2015-04-27,-0.00882659194283834
2015-04-28,-0.007147263296300925
2015-04-29,-0.019645080504355112
2015-04-30,0.003276028850095184
2015-05-01,0.0022824324134335106
2015-05-04,-0.008882438217346836
2015-05-05,-0.0022853230561696303
2015-05-06,0.0014797959869062849
2015-05-07,0.0010468309847666002
2015-05-08,-0.0020731436768970744
2015-05-11,-0.013625865337176375
2015-05-12,0.003502233984479982
2015-05-13,-0.004065921623179221
2015-05-14,0.002642192351971162
2015-05-15,0.005939608695163837
2015-05-18,-0.0021621733388999904
2015-05-19,-0.00040265104096792736
2015-05-20,-0.002765881842027307
2015-05-21,-0.011982710710080299
2015-05-22,0.0004900117691268857
2015-05-26,0.002933472831216033
2015-05-27,-0.0030271988525540174
2015-05-28,0.008321868377527259
2015-05-29,0.0002591420266363125
2015-06-01,-0.0019863244025719413
2015-06-02,-0.004434686012726637
2015-06-03,-0.004760624646373131
2015-06-04,-0.001600650907370993
2015-06-05,-0.02302898685773156
2015-06-08,0.002467303950296688
2015-06-09,-0.004094661120188007
2015-06-10,-0.012580554160632456
2015-06-11,0.000779485837293481
2015-06-12,-0.003294202246214721
2015-06-15,-0.0019476425085082818
2015-06-16,0.00899095818057725
2015-06-17,0.002740224710447492
2015-06-18,0.004078035233236724
2015-06-19,0.0004128380145381194
2015-06-22,-0.008489306354684275
2015-06-23,-0.00817156972699229
2015-06-24,0.0016578968262806288
2015-06-25,0.007459535123724714
2015-06-26,0.0017698542693623072
2015-06-29,0.005761120842504037
2015-06-30,-0.004977613344605133
2015-07-01,0.013704475744856837
2015-07-02,0.0032014389696350025
2015-07-06,0.00833161268008307
2015-07-07,0.012527085609364904
2015-07-08,0.009992284077066038
2015-07-09,-0.0016790852554511848
2015-07-10,-1.1110722594551842e-06
2015-07-13,-0.00872146121621172
2015-07-14,-0.009206385275570902
2015-07-15,0.0017120533584530917
2015-07-16,0.0027028856199163473
2015-07-17,0.0009112799911802543
2015-07-20,0.007127452088584859
2015-07-21,-0.005640089764570626
2015-07-22,0.004358561952888066
2015-07-23,0.01803765785705615
2015-07-24,0.0011366202898177944
2015-07-27,0.008610599854824505
2015-07-28,-0.010648523154548967
2015-07-29,0.002763864183009372
2015-07-30,-0.012075753772345783
2015-07-31,0.004347548982473212
2015-08-03,0.009979925336766301
2015-08-04,0.0032180168819617716
2015-08-05,0.0020796062918389353
2015-08-06,-0.005961383316178219
2015-08-07,-0.004188608965921159
2015-08-10,-0.01706770623313375
2015-08-11,0.016944485047957092
2015-08-12,0.0020870184894288455
2015-08-13,0.0027858595423339017
2015-08-14,-0.006533826997557668
2015-08-17,0.0017061470864517259
2015-08-18,-0.010406381258924641
2015-08-19,0.007285503292589257
2015-08-20,0.011935596889845562
2015-08-21,0.0008903377619002839
2015-08-24,0.006264477145130488
2015-08-25,-0.008955689078605295
2015-08-26,-0.002134005077962721
2015-08-27,-0.008128373096291146
2015-08-28,-0.006044392441264053
2015-08-31,-0.00977492445917405
2015-09-01,0.011719238543089778
2015-09-02,-0.004124872183065046
2015-09-03,0.012488854765150362
2015-09-04,0.0027871471304322104
2015-09-08,0.0015264831364707847
2015-09-09,0.00031237209668729185
2015-09-10,-0.0017394052223316618
2015-09-11,0.004858527066708547
2015-09-14,-0.001832039626046352
2015-09-15,-0.010143179164504764
2015-09-16,-0.005605359452289627
2015-09-17,0.0183103402226039
2015-09-18,0.016848183018275974
2015-09-21,-0.0008263737144444394
2015-09-22,0.002222172291973949
2015-09-23,0.011091814933549956
2015-09-24,0.038724868043234904
2015-09-25,-0.0008796324113041578
2015-09-28,0.0146048928138644
2015-09-29,0.004023855861997179
2015-09-30,-0.01141244699211606
2015-10-01,-0.0010464841857126634
2015-10-02,0.0027921307809258833
2015-10-05,-0.021460315663156426
2015-10-06,-0.013296159168487994
2015-10-07,0.008968756937873263
2015-10-08,-0.002130157054114715
2015-10-09,0.005169368273545046
2015-10-12,0.009880747195943895
2015-10-13,0.00085158459015063
2015-10-14,-0.011463748104363236
2015-10-15,-0.008976263377313293
2015-10-16,0.008177746643135069
2015-10-19,0.003936632056266838
2015-10-20,-0.009959135070130132
2015-10-21,0.0019427591525164045
2015-10-22,0.010562367835912578
2015-10-23,-0.0052235619388503185
2015-10-26,0.0002842299608495542
2015-10-27,0.006962798380851528
2015-10-28,-0.023043087312469568
2015-10-29,0.005201181787179099
2015-10-30,-0.00427699923020719
2015-11-02,-0.016845012487527716
2015-11-03,-0.004041445068317717
2015-11-04,0.00015277385249856668
2015-11-05,-7.920155987698818e-05
2015-11-06,-0.016907714174452415
2015-11-09,0.014081041863768056
2015-11-10,-0.0029250085074503294
2015-11-11,0.0068125614189678
2015-11-12,0.0191695668703466
2015-11-13,-0.013706083042135405
2015-11-16,0.003876552058437361
2015-11-17,0.014632069299622668
2015-11-18,-0.004170774563495535
2015-11-19,0.006165618509880233
2015-11-20,-0.012810890091501104
2015-11-23,0.008490437243485138
2015-11-24,-0.0009828438975945466
2015-11-25,-0.0024896331153473157
2015-11-27,-0.0010718972597105933
2015-11-30,-0.01438566703168509
2015-12-01,0.007202458106804939
2015-12-02,0.004143861142060945
2015-12-03,0.013010966818662836
2015-12-04,0.0032880633012757725
2015-12-07,0.02347669526739582
2015-12-08,0.013972734202688835
2015-12-09,0.0041108063784264055
2015-12-10,-0.0013765459432712643
2015-12-11,0.011410479275164292
2015-12-14,0.001232450223831968
2015-12-15,-0.011119715225676138
2015-12-16,-0.0039163715833301724
2015-12-17,0.01915707436381201
2015-12-18,-0.001942215855059123
2015-12-21,-0.002909088795737054
2015-12-22,-0.015738934835426023
2015-12-23,-0.01017459095184022
2015-12-24,0.0023419117323717487
2015-12-28,0.00687023513913626
2015-12-29,-0.0007242103923309484
2015-12-30,0.0034034572147389843
2015-12-31,-0.0006779169174113697
2016-01-04,0.008421704426608815
2016-01-05,0.014719359834707476
2016-01-06,0.008778668036457438
2016-01-07,0.030389410756994212
2016-01-08,0.00575047758414754
2016-01-11,0.020453558365426155
2016-01-12,-0.0002784447374123238
2016-01-13,0.0042858496271265065
2016-01-14,-0.006881836147915413
2016-01-15,0.015299322234493188
2016-01-19,0.020417019611963183
2016-01-20,-0.000767745942202136
2016-01-21,0.00844221961845737
2016-01-22,-0.013470238010808008
2016-01-25,0.038303677145825756
2016-01-26,-0.003862026318969685
2016-01-27,0.01225557801531163
2016-01-28,-0.01881104398384455
2016-01-29,-0.009337828575646207
2016-02-01,0.007334450036121913
2016-02-02,0.020927014946423204
2016-02-03,-0.023089038083459506
2016-02-04,-0.03318740900258962
2016-02-05,-0.0043832255861651435
2016-02-08,0.028219214234580736
2016-02-09,0.0072958566286515465
2016-02-10,0.01485259964555648
2016-02-11,0.019521550728671365
2016-02-12,-0.0442516396656227
2016-02-16,-0.019523314652209595
2016-02-17,-0.016478416375329746
2016-02-18,0.013952627520485464
2016-02-19,0.005535789809588095
2016-02-22,-0.013827668199840677
2016-02-23,0.029248813052951683
2016-02-24,0.0032588658387017926
2016-02-25,-0.0023280036016080086
2016-02-26,-0.020842583529219173
2016-02-29,0.0007795228321085998
2016-03-01,-0.02366077262136653
2016-03-02,-0.0031029015875479646
2016-03-03,-0.021481211358086987
2016-03-04,-0.004648610747989224
2016-03-07,-0.009098752773719779
2016-03-08,0.033260230681893155
2016-03-09,-0.0011666434282893525
2016-03-10,0.008639142201460817
2016-03-11,-0.014358231918857526
2016-03-14,0.0037607934864505492
2016-03-15,0.004512680951930156
2016-03-16,-0.010343678501197254
2016-03-17,-0.00503048145164936
2016-03-18,-0.011719932384907835
2016-03-21,0.0004409234424661754
2016-03-22,0.001485136440413796
2016-03-23,0.01517055007038215
2016-03-24,-0.004625699227409649
2016-03-28,0.0002457216527664471
2016-03-29,0.005664016655395454
2016-03-30,-0.0048199267126777245
2016-03-31,0.00046224014191414975
2016-04-01,0.0014033075051817692
2016-04-04,0.013305085498073984
2016-04-05,0.007068605990149504
2016-04-06,-0.0016579741258575345
2016-04-07,0.011134020208176646
2016-04-08,-0.0034310920628767465
2016-04-11,-0.012493314518545257
2016-04-12,-0.012583017899339688
2016-04-13,-0.045801923221496676
2016-04-14,-0.007485078159831349
2016-04-15,0.008030197339126688
2016-04-18,0.0034635059850300536
2016-04-19,-0.009792583177624287
2016-04-20,-0.01612330145774301
2016-04-21,-0.003360998712483132
2016-04-22,0.004510806206890687
2016-04-25,0.01963656518585925
2016-04-26,-0.014685551733422286
2016-04-27,-0.0017841238590769843
2016-04-28,0.005122890690000659
2016-04-29,-0.0029264909927397276
2016-05-02,0.00328540051824148
2016-05-03,0.015534489072624983
2016-05-04,0.024852833688601268
2016-05-05,0.01309454417004563
2016-05-06,0.0007747112645304184
2016-05-09,0.02378248408441641
2016-05-10,-0.012904058474354867
2016-05-11,-0.009897033231765218
2016-05-12,0.01045464321490236
2016-05-13,0.002740645129070499
2016-05-16,-0.0003806189414610941
2016-05-17,-0.014507282353589446
2016-05-18,-0.027605069917128577
2016-05-19,0.024554440417218437
2016-05-20,-0.008111313503302093
2016-05-23,-0.005922670447495393
2016-05-24,-0.004691904952731788
2016-05-25,-0.015388750204718693
2016-05-26,0.009714057998426673
2016-05-27,-0.0006741722861926906
2016-05-31,-0.005229094843813342
2016-06-01,-0.001834382574470772
2016-06-02,-0.006231387841998559
2016-06-03,0.002440399935926892
2016-06-06,-0.010222651968889346
2016-06-07,0.001220617490680198
2016-06-08,-0.008174905831282922
2016-06-09,0.015331564892684574
2016-06-10,0.01710505648680999
2016-06-13,0.004109671326148183
2016-06-14,0.015286716928083107
2016-06-15,-0.0028640376527173292
2016-06-16,0.0035575114696068484
2016-06-17,-0.010972116438218622
2016-06-20,-0.00010068525336383739
2016-06-21,-0.003427480822379185
2016-06-22,-0.00024832546487907337
2016-06-23,-0.015381416100840945
2016-06-24,0.053829228033499064
2016-06-27,0.022163715086614372
2016-06-28,-0.01469389851979345
2016-06-29,-0.016104386428899775
2016-06-30,-0.005888706194480306
2016-07-01,0.0030582025052201165
2016-07-05,0.03342729268432589
2016-07-06,-0.008707007858351731
2016-07-07,-0.008802147495583057
2016-07-08,-0.019586852440299302
2016-07-11,-0.004035502376315133
2016-07-12,-0.023105004255761286
2016-07-13,0.00513702332432701
2016-07-14,-0.008687144821998375
2016-07-15,-0.0051537228772983905
2016-07-18,0.008110291475891596
2016-07-19,0.007147416974899383
2016-07-20,-0.0029882623110444873
2016-07-21,-0.00033250558988530876
2016-07-22,0.007002866606799015
2016-07-25,0.0033492425492293587
2016-07-26,-0.041689963230030026
2016-07-27,-0.01973156557937924
2016-07-28,0.008388344113688736
2016-07-29,0.0030526062822465545
2016-08-01,0.006980766141912453
2016-08-02,0.0023231733124298715
2016-08-03,-0.016157331175528773
2016-08-04,0.003984470698920439
2016-08-05,-0.017001301331544056
2016-08-08,-0.007195431346457707
2016-08-09,0.006361003020834237
2016-08-10,0.008712975036138678
2016-08-11,-0.0024174245866709723
2016-08-12,0.003181580556158988
2016-08-15,-0.013268245544151477
2016-08-16,-0.010276723677223987
2016-08-17,0.0010815340951369676
2016-08-18,0.008139779152382657
2016-08-19,-0.011791584558266696
2016-08-22,-5.256418534221874e-05
2016-08-23,-0.0021279103258886787
2016-08-24,0.0023821808381886593
2016-08-25,0.00037988499802123676
2016-08-26,-0.005095799094313773
2016-08-29,-0.00132654400052364
2016-08-30,-0.0045978801482010985
2016-08-31,0.004254599933554
2016-09-01,0.010061600115464992
2016-09-02,-0.0013784032024845017
2016-09-06,0.005089908075540088
2016-09-07,-0.011969742288312157
2016-09-08,-0.0020928325166254536
2016-09-09,-0.00029491301266078643
2016-09-12,0.007046898077769665
2016-09-13,-9.574443965332247e-05
2016-09-14,-0.0034155328435965617
2016-09-15,0.0010752255993116133
2016-09-16,0.004139324237931914
2016-09-19,-0.0062285168566439215
2016-09-20,0.0025608271192456566
2016-09-21,-0.009907431805304234
2016-09-22,0.002760775265548558
2016-09-23,0.003905287275969893
2016-09-26,0.0034971587899919245
2016-09-27,0.0008806126706025017
2016-09-28,-0.029461987892906476
2016-09-29,-0.005695277517681377
2016-09-30,-0.005691446645946988
2016-10-03,-0.00046133319219611923
2016-10-04,-0.001888508818564616
2016-10-05,-0.021304416134424537
2016-10-06,-0.00556412204232587
2016-10-07,0.0016473856235134272
2016-10-10,-0.002430091026641601
2016-10-11,-0.0019884062780033407
2016-10-12,0.005194866522121329
2016-10-13,0.008939941938816828
2016-10-14,-0.0047893536069527065
2016-10-17,0.002149681329066159
2016-10-18,-0.007775926585583737
2016-10-19,-0.01335064913213287
2016-10-20,0.0016626939554088005
2016-10-21,-0.001479719082070304
2016-10-24,0.002272221882213654
2016-10-25,0.013294057081632431
2016-10-26,-9.781684378558828e-05
2016-10-27,0.008485634174774085
2016-10-28,-0.004692308050913955
2016-10-31,0.003356227741140805
2016-11-01,0.003751662358184045
2016-11-02,0.005841590299431617
2016-11-03,0.0002860307421851579
2016-11-04,-0.007415299893601142
2016-11-07,-0.010658059815097857
2016-11-08,-9.001795035482995e-05
2016-11-09,-0.05699903141342457
2016-11-10,-0.051690869400263836
2016-11-11,0.0014177626964160992
2016-11-14,-0.026080835705693806
2016-11-15,0.008591637205975833
2016-11-16,0.019749948889596265
2016-11-17,-0.006570784479935439
2016-11-18,-0.00036713163828594464
2016-11-21,-0.00044998359469513183
2016-11-22,-0.003805262164344403
2016-11-23,-0.011647547409121994
2016-11-25,0.010032823776113198
2016-11-28,0.009616408267013396
2016-11-29,-0.004673185893382299
2016-11-30,-0.029463513421101963
2016-12-01,-0.016148112467025466
2016-12-02,0.009603236222219277
2016-12-05,-0.0052391215921742855
2016-12-06,-0.0038571493262575065
2016-12-07,-0.004386255896608385
2016-12-08,-0.004250185644613214
2016-12-09,0.011140191498354435
2016-12-12,0.01782216205597866
2016-12-13,-0.0012922758682800315
2016-12-14,0.003801133396112563
2016-12-15,-0.009093868275966236
2016-12-16,0.019668639586583752
2016-12-19,-0.00049413529364258
2016-12-20,-0.01438036956685699
2016-12-21,-0.001970498947004203
2016-12-22,-0.0029122630437739736
2016-12-23,-0.0008729607463706841
2016-12-27,-0.002252210944222103
2016-12-28,0.005846576716311225
2016-12-29,0.00570481793187407
2016-12-30,-0.0037849250777410677
2017-01-03,-0.009907930781695681
2017-01-04,0.004383579585142017
2017-01-05,0.011932487032813355
2017-01-06,-0.006191686733681294
2017-01-09,-0.0008600111993335808
2017-01-10,-0.013612161303809173
2017-01-11,-0.008963719616903879
2017-01-12,0.008942161537947893
2017-01-13,-0.008539717817792373
2017-01-17,0.03266144863820238
2017-01-18,-0.003920714478299706
2017-01-19,0.00019302510398646255
2017-01-20,-0.002408184766191275
2017-01-23,-0.003939756446091754
2017-01-24,-0.02084477213834603
2017-01-25,-0.017962432017774272
2017-01-26,-0.005615068189636456
2017-01-27,-0.008753357348834034
2017-01-30,0.017070818946754013
2017-01-31,0.015527181371617146
2017-02-01,-0.004387786274347549
2017-02-02,0.012943041635254135
2017-02-03,-0.010779220322803503
2017-02-06,0.0024024719805573005
2017-02-07,0.002015646547972742
2017-02-08,0.011035311444482443
2017-02-09,-0.009892837739582883
2017-02-10,-0.013869456253623161
2017-02-13,-0.01869136219605962
2017-02-14,-0.004858627737896841
2017-02-15,-0.0031693427391009665
2017-02-16,0.009992649988046127
2017-02-17,0.005595338333705513
2017-02-21,0.008707606799431944
2017-02-22,0.00033366422219081415
2017-02-23,0.01758913828953475
2017-02-24,0.010478579270309523
2017-02-27,-0.017818236643591574
2017-02-28,0.0021330192830731898
2017-03-01,-0.020945052191771302
2017-03-02,0.02899851508535965
2017-03-03,-0.00988691891290198
2017-03-06,-8.48796151579445e-06
2017-03-07,-0.0013109746549140322
2017-03-08,0.014168378176605878
2017-03-09,0.011522880696935725
2017-03-10,-0.00012681328765427402
2017-03-13,-0.002623687598352168
2017-03-14,0.004784145127380994
2017-03-15,-0.003124734591392268
2017-03-16,0.0026304628901637206
2017-03-17,0.003449825579588543
2017-03-20,-0.00890534379462852
2017-03-21,0.029577869693557784
2017-03-22,-0.0028423130689397467
2017-03-23,-0.0011115293743909627
2017-03-24,-0.0001378401454710798
2017-03-27,0.0033296387877681335
2017-03-28,-0.01284724707180157
2017-03-29,0.0006671857765464899
2017-03-30,-0.0042327849435781495
2017-03-31,0.008192041346884801
2017-04-03,0.005108961556165581
2017-04-04,-0.006957532886763207
2017-04-05,0.0053020640384302915
2017-04-06,-0.01324576262069782
2017-04-07,0.006553587945141567
2017-04-10,-0.006734229706183296
2017-04-11,0.004336348318000319
2017-04-12,0.01793461994214261
2017-04-13,0.01117270002621501
2017-04-17,-0.009326206994913783
2017-04-18,0.0034334601520957984
2017-04-19,0.00509292086556277
2017-04-20,-0.01254456443716917
2017-04-21,0.002756726063639821
2017-04-24,-0.026757204021618113
2017-04-25,-0.034094348129482255
2017-04-26,-0.003499036968009443
2017-04-27,0.011053886704219066
2017-04-28,0.0006205100353757582
2017-05-01,0.0020183694264324465
2017-05-02,0.005941087868441219
2017-05-03,-0.00035810281531848754
2017-05-04,0.013467604184807894
2017-05-05,0.002819976268896481
2017-05-08,0.0005707079478560381
2017-05-09,0.0013275429046250935
2017-05-10,-0.009447530442756499
2017-05-11,-0.004189223450484484
2017-05-12,0.0028494056646865737
2017-05-15,-0.0049247520847014266
2017-05-16,-0.0015320765878446736
2017-05-17,0.024691499794475325
2017-05-18,0.008738352660089804
2017-05-19,-0.009428608787912702
2017-05-22,0.002301151462648532
2017-05-23,-0.012469427658104104
2017-05-24,0.0015104412941385945
2017-05-25,0.0007321463134519202
2017-05-26,-0.003485233814236747
2017-05-30,0.013490802476507208
2017-05-31,0.017190181587634617
2017-06-01,-0.0008865993163713988
2017-06-02,0.004853756930815578
2017-06-05,0.003694568852973368
2017-06-06,-0.0014719400532844373
2017-06-07,-0.0011514895211955551
2017-06-08,-0.018950436360815854
2017-06-09,-0.010620376341474946
2017-06-12,-0.002280466978613875
2017-06-13,-0.0018225667974026694
2017-06-14,0.011192139329032902
2017-06-15,-0.004859689499224458
2017-06-16,-0.007885429173429975
2017-06-19,-0.008549833016318287
2017-06-20,0.004666094710306175
2017-06-21,0.017219002880905204
2017-06-22,-0.0014255208161015331
2017-06-23,-0.00030261385338551755
2017-06-26,-0.0003597471510146297
2017-06-27,-0.009975506760640795
2017-06-28,-0.02137095432636253
2017-06-29,-0.013598948970221033
2017-06-30,-0.00962228705812244
2017-07-03,-0.0036969036369496706
2017-07-05,-0.007187379526986633
2017-07-06,-0.0012334397703818722
2017-07-07,-0.0009199118111010152
2017-07-10,-0.009652742640620104
2017-07-11,-0.0024321502596005664
2017-07-12,0.004854648861486029
2017-07-13,-0.00030053001687496694
2017-07-14,0.009215233672333328
2017-07-17,0.005248076816666558
2017-07-18,0.011735014067828694
2017-07-19,-0.0038264627021399136
2017-07-20,0.008197609724077792
2017-07-21,0.004371895894770346
2017-07-24,-0.016530240297468152
2017-07-25,-0.023349000070394067
2017-07-26,0.009821955096956325
2017-07-27,0.017258147885237052
2017-07-28,0.00204082168422548
2017-07-31,0.0006356991608070426
2017-08-01,-0.0016603181167966958
2017-08-02,-0.0008338916104825844
2017-08-03,0.002757533454661583
2017-08-04,-0.011674682161030533
2017-08-07,0.0007642129275150693
2017-08-08,0.0021797077309661703
2017-08-09,0.0016361140360623971
2017-08-10,0.011611581763616596
2017-08-11,0.004566355833925432
2017-08-14,-0.0047769180338925925
2017-08-15,0.000761975631505633
2017-08-16,0.00438640147219895
2017-08-17,0.003330778322226521
2017-08-18,-0.006072326831172129
2017-08-21,0.00682760316460751
2017-08-22,-0.011035919239528976
2017-08-23,-0.00041309863967431415
2017-08-24,-0.0036748026667515017
2017-08-25,-0.002676418043705368
2017-08-28,0.0016275048496149542
2017-08-29,1.4126886873966349e-05
2017-08-30,-0.011929177569727167
2017-08-31,0.0044640620649468166
2017-09-01,-0.007893874166550593
2017-09-05,0.0116241011833391
2017-09-06,0.0014399050962006035
2017-09-07,0.008269375563115985
2017-09-08,-0.004379822042782422
2017-09-11,-0.00350045500747905
2017-09-12,-0.018177147038854796
2017-09-13,0.007242015877274207
2017-09-14,-0.0037134273709082217
2017-09-15,-0.003395218816668618
2017-09-18,-0.01678487453821938
2017-09-19,-0.0027707472957398767
2017-09-20,-0.002733204438813604
2017-09-21,-0.012081773273285005
2017-09-22,0.0037937508668628257
2017-09-25,0.0019308366451318282
2017-09-26,-0.003289768945200296
2017-09-27,-0.015504912166353597
2017-09-28,-0.0005460831231323313
2017-09-29,0.00032866900219559914
2017-10-02,-0.0042606701986161455
2017-10-03,0.0005881361002389078
2017-10-04,0.00313309919281742
2017-10-05,-0.00077456479966026
2017-10-06,-0.003985706900953049
2017-10-09,0.0070338923425841875
2017-10-10,0.0006845774009384686
2017-10-11,0.008748676803281988
2017-10-12,0.0002534476103574306
2017-10-13,8.522306774614652e-05
2017-10-16,-0.013101398147778998
2017-10-17,0.011348131340253125
2017-10-18,-0.003682839612829854
2017-10-19,0.001571562057658645
2017-10-20,-0.009929531865121336
2017-10-23,-0.0034229021778291644
2017-10-24,-0.03715253184529588
2017-10-25,0.004336770401134134
2017-10-26,-0.0011350292889782954
2017-10-27,-0.0043243976283781444
2017-10-30,-0.002775225855353355
2017-10-31,0.007852241096114173
2017-11-01,-0.0017298630151892924
2017-11-02,-0.0024034335248483045
2017-11-03,0.0029966016352704536
2017-11-06,-0.011120565456689269
2017-11-07,0.010915680786966475
2017-11-08,0.016362402044298452
2017-11-09,0.0021766408693480272
2017-11-10,-0.0036615581728259294
2017-11-13,0.0019307102793040638
2017-11-14,0.00022927703394755772
2017-11-15,0.0004281712731370457
2017-11-16,0.012297821478035154
2017-11-17,-0.005599579614633088
2017-11-20,-0.005505826304439539
2017-11-21,5.672383611280774e-05
2017-11-22,0.002069812165775342
2017-11-24,0.005217900687238079
2017-11-27,0.006010169260165251
2017-11-28,-0.014522498818920926
2017-11-29,-0.005670336633214035
2017-11-30,-0.009195574460844347
2017-12-01,0.0018456903391277368
2017-12-04,-0.00970519644523212
2017-12-05,0.012553407376492928
2017-12-06,0.0038419540155006184
2017-12-07,-0.015612313621277407
2017-12-08,-0.008126167914868384
2017-12-11,0.005442290567385155
2017-12-12,-0.0007668772028592841
2017-12-13,-0.005025219869003154
2017-12-14,0.007779695029158744
2017-12-15,-0.003407401082898072
2017-12-18,-0.012764366073495292
2017-12-19,-0.001920137448952956
2017-12-20,-0.006225857244885946
2017-12-21,-0.01722668077858826
2017-12-22,-0.001733944860801288
2017-12-26,0.00276739966049235
2017-12-27,-0.002364695133647824
2017-12-28,-0.005223678872490904
2017-12-29,0.002244198699685081
2018-01-02,-0.004375189491072999
2018-01-03,-0.0029232021165579063
2018-01-04,-0.006027223200926968
2018-01-05,-0.0023002886375170597
2018-01-08,-0.010405255732182392
2018-01-09,-0.006336615442025942
2018-01-10,-0.006620565656136593
2018-01-11,-0.010638238549047626
2018-01-12,-0.010199512013886395
2018-01-16,0.007611842781469777
2018-01-17,0.0069389524993359415
2018-01-18,-0.0022343034417228735
2018-01-19,0.0026709795101693317
2018-01-22,0.002343993907348704
2018-01-23,-0.006645723409449947
2018-01-24,-0.0006670744534347239
2018-01-25,0.000691865324832138
2018-01-26,0.013146909659729497
2018-01-29,0.006963983453333544
2018-01-30,-0.00966603663979663
2018-01-31,-0.007455614330763638
2018-02-01,-0.002997060569823055
2018-02-02,0.00916152564386069
2018-02-05,0.002382743729550052
2018-02-06,-0.02532246095050376
2018-02-07,0.005552449456786604
2018-02-08,0.016177215762632834
2018-02-09,-0.013675100499539367
2018-02-12,-0.006623301876897783
2018-02-13,-0.007048695864985892
2018-02-14,-0.03041471374566705
2018-02-15,0.004093330165584516
2018-02-16,0.0194693964265909
2018-02-20,-0.028585234994628467
2018-02-21,-0.013258690696141162
2018-02-22,-0.004756534880038225
2018-02-23,-0.01200653100665705
2018-02-26,-0.005240244196110151
2018-02-27,-0.0003275015350474777
2018-02-28,0.013687121384962067
2018-03-01,0.017934589928559303
2018-03-02,0.010631423856110081
2018-03-05,-0.013380544143545984
2018-03-06,-0.012461535176918226
2018-03-07,0.006668897557819612
2018-03-08,0.004269552387860162
2018-03-09,-0.020762203682505476
2018-03-12,0.008624332951816749
2018-03-13,0.011062276214809005
2018-03-14,0.0005017934850170911
2018-03-15,-0.00540346868846849
2018-03-16,-0.0015039284938342572
2018-03-19,0.004493162527433703
2018-03-20,-0.0074407152758329915
2018-03-21,-0.011179434979597686
2018-03-22,0.03722462644752411
2018-03-23,0.008929914275081885
2018-03-26,-0.016707470634226323
2018-03-27,0.01815732340338581
2018-03-28,0.01799215801455384
2018-03-29,-0.01498047438796
2018-04-02,0.00266253901661136
2018-04-03,0.0056687593665253715
2018-04-04,0.0029243253444265847
2018-04-05,-0.009216973936992928
2018-04-06,0.01640966953451769
2018-04-09,-0.008213419281292341
2018-04-10,-0.018300738600966406
2018-04-11,0.008942608619691483
2018-04-12,-0.025808601793045578
2018-04-13,0.017527591700005247
2018-04-16,0.0006911728943145845
2018-04-17,-0.0004565296297119139
2018-04-18,-0.012204653756886858
2018-04-19,-0.02046352238310347
2018-04-20,-0.0012211888650902423
2018-04-23,0.0005284211666005864
2018-04-24,0.03046230696676827
2018-04-25,-0.001664135636251359
2018-04-26,0.0030855230859145877
2018-04-27,0.015473008220229567
2018-04-30,0.004986202075857371
2018-05-01,-0.011856922313171925
2018-05-02,-0.01037214385069642
2018-05-03,0.0025868056280328733
2018-05-04,0.0002710281825871741
2018-05-07,-0.024369833426979882
2018-05-08,-0.013835209444913416
2018-05-09,-0.02458017705686451
2018-05-10,0.0005858952244937789
2018-05-11,0.008575110471422343
2018-05-14,-0.002779232442181627
2018-05-15,0.005403300625953548
2018-05-16,-0.0011724876973729925
2018-05-17,-0.0007820462108145318
2018-05-18,-0.0019695457280374065
2018-05-21,-0.008641274770259038
2018-05-22,-9.95649712664708e-05
2018-05-23,-0.00016993724972073432
2018-05-24,0.003515845339858936
2018-05-25,0.008545356843955243
2018-05-29,0.02233807882824022
2018-05-30,-0.005464812887298054
2018-05-31,0.0032272353871327843
2018-06-01,-0.007893207764591273
2018-06-04,0.013151358719622511
2018-06-05,-0.0032380807502971716
2018-06-06,-0.014673321676926754
2018-06-07,0.01264813943904843
2018-06-08,0.0066314341750028745
2018-06-11,-0.004436891894101125
2018-06-12,-0.0024601741526973737
2018-06-13,0.0024376562102057147
2018-06-14,0.01163843578340057
2018-06-15,0.016243330332808874
2018-06-18,-0.007709923199417434
2018-06-19,0.027553779660913918
2018-06-20,-0.006272527042006963
2018-06-21,0.013537440356024166
2018-06-22,0.020654726720126804
2018-06-25,0.016156816977488515
2018-06-26,0.001835553027397648
2018-06-27,0.006667712624657447
2018-06-28,-0.008505957548766725
2018-06-29,0.0036012490890544036
2018-07-02,-0.009101379900400405
2018-07-03,0.019376462495259816
2018-07-05,0.0035811493284527707
2018-07-06,0.003725916463999964
2018-07-09,-0.0385992667116398
2018-07-10,0.015338740805594367
2018-07-11,0.01006079217331059
2018-07-12,-0.010713701503576903
2018-07-13,-0.001528544700808284
2018-07-16,-0.010816036615692396
2018-07-17,0.007652002990750787
2018-07-18,-0.018350046328658887
2018-07-19,0.006361047329032384
2018-07-20,0.004214919318391445
2018-07-23,-0.007432092593349297
2018-07-24,-0.00169470878232599
2018-07-25,-0.011544535240702999
2018-07-26,-0.0034230762643538046
2018-07-27,0.001413593629203143
2018-07-30,0.011094876401307501
2018-07-31,-0.006767429128531122
2018-08-01,0.011805549590952666
2018-08-02,0.00026715446870155074
2018-08-03,0.0006547598969072572
2018-08-06,-0.0017054494624581344
2018-08-07,-0.013832835018544487
2018-08-08,0.010506940366314629
2018-08-09,0.006413417469012898
2018-08-10,0.01266771180712691
2018-08-13,0.007505408112477796
2018-08-14,0.0028180422011375343
2018-08-15,0.018069845639894278
2018-08-16,0.005884794910088087
2018-08-17,-0.0077637184665659085
2018-08-20,0.00338123680181975
2018-08-21,-0.010704803384644227
2018-08-22,-0.003722243401863205
2018-08-23,0.00871839867426292
2018-08-24,-0.0024730922810877187
2018-08-27,-0.02294643410969016
2018-08-28,0.004048472438611284
2018-08-29,0.00319769681222178
2018-08-30,0.011919868117769109
2018-08-31,-0.0014029582373485212
2018-09-04,-0.006293291775303467
2018-09-05,0.0058396324809764835
2018-09-06,0.001716112983591108
2018-09-07,-0.003006248995275259
2018-09-10,0.005568482325286321
2018-09-11,-0.0014635694463563758
2018-09-12,0.0017604511458933492
2018-09-13,-0.010408618901620963
2018-09-14,-0.0010010952738829606
2018-09-17,-0.004953687969340037
2018-09-18,-0.013235490489741228
2018-09-19,-0.028455414124167484
2018-09-20,-0.003950363331756912
2018-09-21,0.010197707614344206
2018-09-24,-0.001647032429481424
2018-09-25,-0.002780708602481937
2018-09-26,0.007932542842332857
2018-09-27,0.005686910687124347
2018-09-28,0.008354411068538828
2018-10-01,0.0022796974664445746
2018-10-02,-0.005454355782729903
2018-10-03,-0.0251305727917418
2018-10-04,0.005371623636786079
2018-10-05,0.01300982575968801
2018-10-08,0.003758517145761216
2018-10-09,0.0213598700962143
2018-10-10,0.020967722590490512
2018-10-11,-0.0008279314771051927
2018-10-12,0.005841740368353203
2018-10-15,0.004719084027442588
2018-10-16,-0.0059714750918629465
2018-10-17,0.014174003599860504
2018-10-18,0.024858402433019473
2018-10-19,0.03722538046598817
2018-10-22,0.01341447676724572
2018-10-23,0.06422317839109214
2018-10-24,0.04158273165918667
2018-10-25,-0.02469541813218516
2018-10-26,-0.0016736596159726193
2018-10-29,0.005378434476272009
2018-10-30,0.00023362285663652838
2018-10-31,-0.03637046429626597
2018-11-01,-0.01597623240350134
2018-11-02,0.004299743328194179
2018-11-05,0.008757582378219405
2018-11-06,-0.008625649884246783
2018-11-07,-0.02357039070309186
2018-11-08,0.014119785052870464
2018-11-09,0.027079356756378237
2018-11-12,0.016185300568661593
2018-11-13,-0.008489989192365118
2018-11-14,0.011298722740129219
2018-11-15,-0.03233624187256179
2018-11-16,0.005168052086140962
2018-11-19,0.012477699980411058
2018-11-20,0.007775147363438244
2018-11-21,-0.013048037814780478
2018-11-23,0.011826218986964157
2018-11-26,-0.019773567997570296
2018-11-27,0.008643252345066446
2018-11-28,-0.019373413094223267
2018-11-29,0.0018388843940528865
2018-11-30,-0.014614218142714352
2018-12-03,-0.02885261033860733
2018-12-04,0.05091960527662078
2018-12-06,0.011336264702992241
2018-12-07,0.018153966088809183
2018-12-10,0.015935860953039116
2018-12-11,0.01004863883310671
2018-12-12,-0.018005992477037675
2018-12-13,0.0053819323270061035
2018-12-14,-0.02108616333702708
2018-12-17,-0.0070024827507197025
2018-12-18,0.002971293974536234
2018-12-19,0.006942079983077813
2018-12-20,-0.0077759743376056845
2018-12-21,0.017471208181766968
2018-12-24,-0.007199494400970213
2018-12-26,-0.023155426349025416
2018-12-27,-0.0007380563796906738
2018-12-28,0.003607397150434122
2018-12-31,0.0009404765682624605
2019-01-02,-0.011928899184134867
2019-01-03,0.024136644868202533
2019-01-04,-0.03155632272399911
2019-01-07,0.0002724163094436719
2019-01-08,0.007698356553700991
2019-01-09,-0.01294426331456768
2019-01-10,-0.004179485260768094
2019-01-11,0.00948640795074925
2019-01-14,-0.008531217182634387
2019-01-15,0.007304702211728335
2019-01-16,-0.017171051397103232
2019-01-17,-0.010873336153324106
2019-01-18,-0.006509306095927295
2019-01-22,0.021159645708516805
2019-01-23,0.018590393172836246
2019-01-24,-0.010421297189479133
2019-01-25,-0.026862773200333236
2019-01-28,0.03931632943992397
2019-01-29,-0.014816337430561783
2019-01-30,-0.011665372791708114
2019-01-31,0.001179677946023805
2019-02-01,0.004826478893678932
2019-02-04,0.00037462172932228865
2019-02-05,-0.0012548709496396269
2019-02-06,0.004430348111938691
2019-02-07,0.011685737741312466
2019-02-08,0.006066628154790754
2019-02-11,0.0028295714180841354
2019-02-12,-0.016257101942088053
2019-02-13,-0.0012221422734988905
2019-02-14,-0.009233341173634724
2019-02-15,-0.017596433639367692
2019-02-19,0.007285875377314399
2019-02-20,-0.02006718120674217
2019-02-21,0.01113818403331392
2019-02-22,0.005959738485591745
2019-02-25,-0.01959034594290393
2019-02-26,0.014756593382375597
2019-02-27,-0.006685748279709376
2019-02-28,0.016168100404114965
2019-03-01,0.0006675305661660302
2019-03-04,-0.006435197978342448
2019-03-05,0.006356088719687791
2019-03-06,0.0091626099668727
2019-03-07,0.007960781465128927
2019-03-08,0.003170332243766246
2019-03-11,0.00044466323761297756
2019-03-12,0.004985028772437468
2019-03-13,-0.0007620806017479831
2019-03-14,-0.008470538114007423
2019-03-15,0.0019148693985769163
2019-03-18,-0.010076420748438489
2019-03-19,0.00228750135800887
2019-03-20,0.013300544633707759
2019-03-21,0.009880784175371304
2019-03-22,0.033152949807570255
2019-03-25,-0.0018203441245241425
2019-03-26,0.002938361304686129
2019-03-27,0.002815814595331645
2019-03-28,-0.012364659589829278
2019-03-29,-0.010191993489492252
2019-04-01,-0.037471492331777524
2019-04-02,-0.007170707165413274
2019-04-03,0.0015706029758121667
2019-04-04,-0.0021371992816943686
2019-04-05,0.00367506104194798
2019-04-08,0.002705612389328297
2019-04-09,0.012577196224039152
2019-04-10,-0.005296641288582112
2019-04-11,-0.007575162126619646
2019-04-12,-0.026110392058325476
2019-04-15,0.013285860730782268
2019-04-16,-0.007969432236396345
2019-04-17,-0.018587556834584445
2019-04-18,0.004972252322843132
2019-04-22,0.0016256931224077158
2019-04-23,0.0002912069779676396
2019-04-24,0.01776272595767712
2019-04-25,0.0015831430898369803
2019-04-26,-0.00938149580118523
2019-04-29,-0.008410097050948306
2019-04-30,0.008898055086031772
2019-05-01,-0.001967675652947698
2019-05-02,0.010646224334949975
2019-05-03,-0.0098907990088067
2019-05-06,0.012139093482658644
2019-05-07,0.010388758365268777
2019-05-08,0.0065480511952821785
2019-05-09,-0.0021259206313047896
2019-05-10,0.012645216555590514
2019-05-13,0.02947593090964536
2019-05-14,-0.012450502486971549
2019-05-15,0.007070524208956912
2019-05-16,0.006264499437766932
2019-05-17,0.016497548965686948
2019-05-20,0.0006636061765241119
2019-05-21,-0.013263640413172203
2019-05-22,0.01578537480746443
2019-05-23,0.014570024835261949
2019-05-24,-0.007980129125796135
2019-05-28,0.00042886214624558196
2019-05-29,-0.00983875581339666
2019-05-30,0.007870313504454052
2019-05-31,-0.0012863412944112227
2019-06-03,0.006336659929871128
2019-06-04,-0.01572720106308273
2019-06-05,0.006478915291738349
2019-06-06,0.008739931997418108
2019-06-07,0.008507238476832008
2019-06-10,-0.014684268125338702
2019-06-11,-0.001611527898902454
2019-06-12,0.015088441437578684
2019-06-13,-0.0022915926832262437
2019-06-14,0.001979490087829735
2019-06-17,-0.003062084757935994
2019-06-18,-0.020085321002868455
2019-06-19,0.0064861977657225305
2019-06-20,-0.006303395820631756
2019-06-21,0.0029041940804698796
2019-06-24,0.007128837823403622
2019-06-25,0.006464891247941899
2019-06-26,-0.021201711680217006
2019-06-27,-0.0023005172098907734
2019-06-28,-0.017538691799197665
2019-07-01,-0.008213542522969205
2019-07-02,0.014189896384871984
2019-07-03,0.015689892863548716
2019-07-05,-0.00698618372447446
2019-07-08,0.007205107300980748
2019-07-09,-0.006626059458602525
2019-07-10,0.011952259542247878
2019-07-11,-0.008511301023208925
2019-07-12,-0.02542699736301964
2019-07-15,0.005340412471425212
2019-07-16,-0.006689025818159611
2019-07-17,0.015589454016754637
2019-07-18,0.0010403180323447967
2019-07-19,-0.009504049840796022
2019-07-22,-0.0057581521678241225
2019-07-23,-0.013109300675255526
2019-07-24,0.01823887370387911
2019-07-25,-0.0032588771636366163
2019-07-26,0.014499066477467737
2019-07-29,-0.0007136629734084319
2019-07-30,0.006553960623841337
2019-07-31,-0.013741749572312074
2019-08-01,0.026939782046231042
2019-08-02,0.014036045941113202
2019-08-05,0.008652032913991876
2019-08-06,0.003504030438668093
2019-08-07,0.02389430127359195
2019-08-08,-0.003744757377529292
2019-08-09,0.010421562836916531
2019-08-12,0.01215482140792673
2019-08-13,-0.005466800667230598
2019-08-14,0.022849902266812196
2019-08-15,0.016645260456830718
2019-08-16,-0.010204950528725314
2019-08-19,-0.002551241944308595
2019-08-20,-0.002065261327728829
2019-08-21,-0.0008263854421294665
2019-08-22,-0.005395470359131589
2019-08-23,0.011141422890741954
2019-08-26,0.005672753568409647
2019-08-27,0.0158596163303716
2019-08-28,-0.0061627917046126095
2019-08-29,-0.02118063800086578
2019-08-30,-0.01037922391227386
2019-09-03,0.01660923035557114
2019-09-04,-0.007464957167670372
2019-09-05,-0.029367401182305537
2019-09-06,0.0008353786729130933
2019-09-09,-0.03656177352091291
2019-09-10,-0.021624309293131083
2019-09-11,-0.0054215445173710726
2019-09-12,0.007788668293645588
2019-09-13,-0.02295535479664233
2019-09-16,-0.00476477659812552
2019-09-17,0.013511095549416374
2019-09-18,0.001964923324974388
2019-09-19,0.006530312134449674
2019-09-20,0.009896392933059939
2019-09-23,0.00363298314599636
2019-09-24,0.019073848957864997
2019-09-25,-0.007302722033594536
2019-09-26,0.004888130152321997
2019-09-27,-0.003694804025117885
2019-09-30,0.004090348364990929
2019-10-01,0.018416094787718534
2019-10-02,0.00660403547994611
2019-10-03,0.010212235930405045
2019-10-04,-0.00011429623966792944
2019-10-07,-3.295261441556719e-05
2019-10-08,0.013881923317134708
2019-10-09,-0.00906350164401635
2019-10-10,-0.019574882650142733
2019-10-11,-0.032067914231880545
2019-10-14,-0.0063735320348809466
2019-10-15,-0.023756516285043883
2019-10-16,0.007702337575604049
2019-10-17,-0.009370155914026512
2019-10-18,0.0002989011791608154
2019-10-21,-0.016086779526300294
2019-10-22,-0.014402416130057327
2019-10-23,-0.003095641898494983
2019-10-24,0.0012797057302232533
2019-10-25,-0.031394812894493085
2019-10-28,-0.004950697264222518
2019-10-29,-0.006766964530233824
2019-10-30,0.02132399811774969
2019-10-31,0.009901949437076266
2019-11-01,-0.04144407484076076
2019-11-04,-0.028428856016749233
2019-11-05,0.002440347982070712
2019-11-06,0.010516819542521186
2019-11-07,-0.0087291961758628
2019-11-08,-0.0074122139066567505
2019-11-11,-0.001333452744300042
2019-11-12,0.007090545568595359
2019-11-13,0.01737480526210302
2019-11-14,0.0017595573052104907
2019-11-15,-0.006894290103320174
2019-11-18,0.006585985742118346
2019-11-19,3.159866715701787e-05
2019-11-20,0.01193476270251198
2019-11-21,-0.010659382033835485
2019-11-22,-0.0026002646434981993
2019-11-25,-0.014400377449679388
2019-11-26,0.00863130782178445
2019-11-27,0.0020161275282894464
2019-11-29,0.0021336237738276975
2019-12-02,0.009142344354945394
2019-12-03,0.014683736955020085
2019-12-04,-0.0015837860073495413
2019-12-05,-0.005339575696669707
2019-12-06,-0.008683174983867486
2019-12-09,0.0002840575497562263
2019-12-10,-0.0022803732150891336
2019-12-11,-0.0013061622716737942
2019-12-12,-0.02039882746319277
2019-12-13,0.011199223289013996
2019-12-16,0.001390036249685922
2019-12-17,-0.004198090320779224
2019-12-18,-0.010189721296515056
2019-12-19,0.01600081295024595
2019-12-20,-0.001155445376687862
2019-12-23,-0.007704663735466559
2019-12-24,0.002034610310684489
2019-12-26,-0.0066129735561353264
2019-12-27,0.0031931765476713725
2019-12-30,-0.000692694344496203
